opportunity_id,customer_name,industry,region,owner,stage,amount,created_date,close_date
OPP-0001,Customer-029,Manufacturing,Tokyo,Kawasaki,Negotiation,550000,2025-04-10,2025-05-21
OPP-0002,Customer-012,Manufacturing,Osaka,Kawasaki,Lead,4620000,2025-01-04,2025-01-17
OPP-0003,Customer-070,Finance,Osaka,Tanaka,Negotiation,6040000,2025-01-01,2025-04-12
OPP-0004,Customer-055,Retail,Nagoya,Suzuki,Negotiation,360000,2024-12-14,2025-03-23
OPP-0005,Customer-049,IT,Nagoya,Takahashi,Proposal,3740000,2025-02-01,2025-02-22
OPP-0006,Customer-016,Finance,Tokyo,Kawasaki,Negotiation,740000,2025-06-07,2025-08-24
OPP-0007,Customer-047,Healthcare,Osaka,Sato,Proposal,6730000,2025-07-16,2025-11-13
OPP-0008,Customer-030,IT,Fukuoka,Takahashi,Lead,2630000,2025-05-09,2025-05-29
OPP-0009,Customer-046,Manufacturing,Nagoya,Sato,Negotiation,4030000,2025-01-27,2025-03-25
OPP-0010,Customer-032,Manufacturing,Fukuoka,Tanaka,Negotiation,2050000,2025-06-20,2025-10-01
OPP-0011,Customer-029,Retail,Tokyo,Suzuki,Proposal,6850000,2025-09-29,2025-12-19
OPP-0012,Customer-009,Manufacturing,Sapporo,Takahashi,Won,3530000,2025-06-11,2025-07-25
OPP-0013,Customer-059,Manufacturing,Nagoya,Suzuki,Proposal,5410000,2025-04-21,2025-07-22
OPP-0014,Customer-075,Finance,Sapporo,Tanaka,Proposal,6040000,2025-08-21,2025-10-03
OPP-0015,Customer-012,IT,Tokyo,Suzuki,Proposal,1710000,2025-07-07,2025-09-18
OPP-0016,Customer-009,Finance,Fukuoka,Kawasaki,Negotiation,7260000,2025-05-11,2025-08-05
OPP-0017,Customer-002,IT,Sapporo,Takahashi,Lost,5710000,2025-02-18,2025-05-09
OPP-0018,Customer-056,Manufacturing,Fukuoka,Sato,Won,3780000,2025-01-11,2025-02-27
OPP-0019,Customer-023,Healthcare,Tokyo,Takahashi,Lost,7660000,2025-03-02,2025-05-15
OPP-0020,Customer-020,Retail,Osaka,Kawasaki,Won,5490000,2025-10-04,2025-11-08
OPP-0021,Customer-042,Finance,Tokyo,Sato,Lost,5730000,2024-10-07,2025-01-01
OPP-0022,Customer-031,Healthcare,Tokyo,Sato,Lost,3440000,2025-04-16,2025-05-03
OPP-0023,Customer-017,Manufacturing,Fukuoka,Kawasaki,Won,1000000,2025-06-14,2025-09-30
OPP-0024,Customer-028,Healthcare,Osaka,Takahashi,Lead,5700000,2025-09-04,2025-11-07
OPP-0025,Customer-057,Healthcare,Fukuoka,Sato,Proposal,7170000,2025-10-03,2025-11-29
OPP-0026,Customer-076,Healthcare,Osaka,Kawasaki,Proposal,950000,2025-06-11,2025-06-23
OPP-0027,Customer-008,Manufacturing,Tokyo,Sato,Proposal,1020000,2025-09-30,2025-12-29
OPP-0028,Customer-036,Finance,Osaka,Kawasaki,Won,1020000,2025-08-12,2025-09-21
OPP-0029,Customer-032,Finance,Fukuoka,Suzuki,Lead,6140000,2025-08-14,2025-10-23
OPP-0030,Customer-055,Finance,Fukuoka,Sato,Lead,7040000,2025-06-15,2025-08-09
OPP-0031,Customer-052,Retail,Tokyo,Suzuki,Won,6910000,2025-02-03,2025-02-20
OPP-0032,Customer-055,Manufacturing,Nagoya,Tanaka,Lead,5790000,2025-07-22,2025-08-18
OPP-0033,Customer-071,IT,Tokyo,Kawasaki,Proposal,1070000,2025-04-24,2025-08-15
OPP-0034,Customer-053,Finance,Fukuoka,Suzuki,Won,1250000,2025-04-01,2025-05-02
OPP-0035,Customer-001,Finance,Nagoya,Tanaka,Won,900000,2025-01-27,2025-03-26
OPP-0036,Customer-063,Manufacturing,Osaka,Takahashi,Proposal,7430000,2025-07-10,2025-10-12
OPP-0037,Customer-070,IT,Nagoya,Sato,Proposal,890000,2025-07-12,2025-10-24
OPP-0038,Customer-068,Manufacturing,Tokyo,Kawasaki,Lead,5180000,2025-05-19,2025-09-15
OPP-0039,Customer-009,Manufacturing,Fukuoka,Sato,Lead,2200000,2024-11-11,2025-02-05
OPP-0040,Customer-077,IT,Sapporo,Sato,Lost,6130000,2025-02-12,2025-05-07
OPP-0041,Customer-041,Retail,Osaka,Takahashi,Proposal,6270000,2025-08-02,2025-10-17
OPP-0042,Customer-039,Finance,Nagoya,Sato,Proposal,4350000,2024-12-04,2025-03-09
OPP-0043,Customer-010,Healthcare,Osaka,Kawasaki,Lead,6660000,2025-09-24,2025-10-16
OPP-0044,Customer-048,Retail,Osaka,Tanaka,Proposal,3870000,2024-12-26,2025-02-05
OPP-0045,Customer-068,IT,Sapporo,Takahashi,Won,7500000,2025-03-08,2025-06-04
OPP-0046,Customer-015,IT,Sapporo,Suzuki,Lost,1360000,2025-01-26,2025-03-10
OPP-0047,Customer-044,Manufacturing,Nagoya,Kawasaki,Proposal,6490000,2025-01-07,2025-04-18
OPP-0048,Customer-055,Retail,Tokyo,Sato,Negotiation,820000,2024-11-18,2025-02-17
OPP-0049,Customer-021,Finance,Sapporo,Tanaka,Proposal,1630000,2025-10-11,2025-11-23
OPP-0050,Customer-020,Healthcare,Tokyo,Takahashi,Negotiation,1440000,2024-11-02,2025-02-08
OPP-0051,Customer-006,Retail,Nagoya,Sato,Negotiation,1810000,2025-07-14,2025-08-09
OPP-0052,Customer-014,Retail,Sapporo,Tanaka,Won,2450000,2025-11-05,2025-12-16
OPP-0053,Customer-021,Manufacturing,Fukuoka,Sato,Lost,7970000,2025-02-09,2025-03-21
OPP-0054,Customer-032,Retail,Osaka,Sato,Lead,3700000,2025-04-09,2025-07-30
OPP-0055,Customer-026,Finance,Nagoya,Takahashi,Proposal,690000,2025-07-22,2025-08-29
OPP-0056,Customer-025,Finance,Nagoya,Takahashi,Won,2630000,2025-04-12,2025-04-25
OPP-0057,Customer-066,Finance,Sapporo,Takahashi,Won,3150000,2025-03-29,2025-06-29
OPP-0058,Customer-075,Retail,Tokyo,Sato,Lost,1480000,2025-04-12,2025-05-14
OPP-0059,Customer-078,Healthcare,Tokyo,Tanaka,Negotiation,3830000,2025-04-06,2025-06-10
OPP-0060,Customer-056,IT,Sapporo,Kawasaki,Won,2240000,2025-04-26,2025-05-11
OPP-0061,Customer-047,Finance,Tokyo,Takahashi,Won,7890000,2025-11-05,2025-12-10
OPP-0062,Customer-039,Healthcare,Nagoya,Tanaka,Negotiation,7090000,2024-11-23,2025-03-05
OPP-0063,Customer-017,Manufacturing,Fukuoka,Tanaka,Proposal,7430000,2025-03-13,2025-06-01
OPP-0064,Customer-039,Finance,Sapporo,Sato,Won,2080000,2025-08-22,2025-11-12
OPP-0065,Customer-075,Healthcare,Nagoya,Tanaka,Proposal,2450000,2025-04-21,2025-08-09
OPP-0066,Customer-061,Manufacturing,Tokyo,Takahashi,Proposal,7210000,2025-02-04,2025-04-20
OPP-0067,Customer-012,Manufacturing,Nagoya,Suzuki,Negotiation,6780000,2025-09-23,2025-11-14
OPP-0068,Customer-032,Finance,Sapporo,Sato,Won,1800000,2024-12-29,2025-01-13
OPP-0069,Customer-050,Finance,Fukuoka,Suzuki,Negotiation,6740000,2025-09-18,2025-10-22
OPP-0070,Customer-014,Finance,Osaka,Suzuki,Lead,7340000,2024-09-19,2025-01-03
OPP-0071,Customer-007,Healthcare,Osaka,Sato,Won,7420000,2025-07-16,2025-09-23
OPP-0072,Customer-072,Healthcare,Nagoya,Tanaka,Negotiation,5050000,2025-09-22,2025-12-08
OPP-0073,Customer-071,Finance,Osaka,Tanaka,Negotiation,7660000,2025-07-14,2025-09-16
OPP-0074,Customer-036,Healthcare,Fukuoka,Suzuki,Negotiation,7990000,2025-01-10,2025-05-07
OPP-0075,Customer-035,Retail,Nagoya,Kawasaki,Proposal,1090000,2025-04-17,2025-05-27
OPP-0076,Customer-020,Manufacturing,Tokyo,Tanaka,Lead,1840000,2025-03-01,2025-04-29
OPP-0077,Customer-008,Manufacturing,Fukuoka,Tanaka,Proposal,5850000,2025-06-25,2025-08-27
OPP-0078,Customer-074,Finance,Fukuoka,Sato,Lost,6280000,2025-12-11,2025-12-23
OPP-0079,Customer-054,Healthcare,Sapporo,Kawasaki,Lost,3350000,2025-03-22,2025-07-19
OPP-0080,Customer-056,Finance,Tokyo,Tanaka,Won,5290000,2025-03-10,2025-04-23
OPP-0081,Customer-022,Finance,Osaka,Kawasaki,Proposal,7250000,2025-04-16,2025-07-27
OPP-0082,Customer-004,IT,Fukuoka,Suzuki,Negotiation,4330000,2025-08-10,2025-10-31
OPP-0083,Customer-049,Retail,Osaka,Tanaka,Won,2160000,2024-12-14,2025-01-26
OPP-0084,Customer-054,Retail,Tokyo,Tanaka,Proposal,4180000,2025-02-06,2025-05-23
OPP-0085,Customer-029,IT,Tokyo,Sato,Lead,5820000,2024-12-04,2025-01-27
OPP-0086,Customer-020,Manufacturing,Osaka,Tanaka,Lost,2340000,2024-10-14,2025-01-11
OPP-0087,Customer-033,Retail,Osaka,Kawasaki,Won,6070000,2025-02-12,2025-04-22
OPP-0088,Customer-021,Retail,Tokyo,Kawasaki,Negotiation,7950000,2024-11-11,2025-02-28
OPP-0089,Customer-049,Finance,Osaka,Sato,Lead,3490000,2025-07-18,2025-10-22
OPP-0090,Customer-039,Healthcare,Tokyo,Kawasaki,Negotiation,6720000,2025-04-12,2025-05-05
OPP-0091,Customer-048,IT,Sapporo,Takahashi,Won,3850000,2025-07-28,2025-09-30
OPP-0092,Customer-056,Retail,Fukuoka,Suzuki,Lead,4600000,2025-08-16,2025-09-08
OPP-0093,Customer-035,Healthcare,Sapporo,Tanaka,Proposal,7810000,2025-06-24,2025-09-25
OPP-0094,Customer-042,Manufacturing,Tokyo,Takahashi,Negotiation,7780000,2025-09-17,2025-10-31
OPP-0095,Customer-079,Finance,Nagoya,Sato,Won,2790000,2025-06-05,2025-08-26
OPP-0096,Customer-028,Retail,Nagoya,Takahashi,Negotiation,3620000,2025-01-22,2025-04-04
OPP-0097,Customer-072,IT,Sapporo,Suzuki,Proposal,6400000,2025-11-11,2025-12-26
OPP-0098,Customer-072,Manufacturing,Fukuoka,Tanaka,Lead,7670000,2025-05-17,2025-07-28
OPP-0099,Customer-029,Finance,Osaka,Takahashi,Proposal,470000,2025-01-01,2025-02-17
OPP-0100,Customer-068,Retail,Fukuoka,Kawasaki,Won,4070000,2025-06-12,2025-08-31
OPP-0101,Customer-040,Retail,Osaka,Sato,Proposal,7490000,2025-07-08,2025-08-21
OPP-0102,Customer-069,Manufacturing,Osaka,Suzuki,Won,3530000,2024-11-18,2025-03-03
OPP-0103,Customer-068,Healthcare,Nagoya,Sato,Won,3130000,2025-07-14,2025-10-29
OPP-0104,Customer-023,Retail,Tokyo,Kawasaki,Won,3330000,2025-03-02,2025-04-27
OPP-0105,Customer-038,Manufacturing,Fukuoka,Sato,Lead,760000,2024-11-09,2025-01-28
OPP-0106,Customer-062,Finance,Nagoya,Suzuki,Won,6170000,2025-03-17,2025-05-26
OPP-0107,Customer-009,Finance,Fukuoka,Sato,Lost,2880000,2025-08-09,2025-09-02
OPP-0108,Customer-020,Healthcare,Nagoya,Sato,Negotiation,7320000,2024-12-30,2025-01-28
OPP-0109,Customer-054,Healthcare,Sapporo,Kawasaki,Lost,1510000,2025-06-28,2025-10-13
OPP-0110,Customer-057,Retail,Sapporo,Tanaka,Proposal,5650000,2025-05-08,2025-07-14
OPP-0111,Customer-013,Manufacturing,Osaka,Takahashi,Proposal,6650000,2024-11-04,2025-01-31
OPP-0112,Customer-071,IT,Osaka,Sato,Won,1900000,2025-04-01,2025-05-03
OPP-0113,Customer-038,IT,Osaka,Takahashi,Proposal,7350000,2025-08-23,2025-11-01
OPP-0114,Customer-030,Retail,Sapporo,Suzuki,Won,7490000,2025-08-02,2025-08-21
OPP-0115,Customer-020,Retail,Osaka,Sato,Proposal,5870000,2025-01-24,2025-04-26
OPP-0116,Customer-073,Retail,Fukuoka,Sato,Lead,3440000,2025-07-19,2025-11-01
OPP-0117,Customer-035,Healthcare,Sapporo,Tanaka,Negotiation,3410000,2025-10-25,2025-12-25
OPP-0118,Customer-042,Healthcare,Nagoya,Sato,Proposal,6420000,2024-11-17,2025-01-21
OPP-0119,Customer-003,Retail,Sapporo,Sato,Lead,7200000,2025-07-29,2025-10-22
OPP-0120,Customer-057,Retail,Osaka,Kawasaki,Won,2090000,2025-06-14,2025-08-29
OPP-0121,Customer-045,Finance,Nagoya,Takahashi,Proposal,5330000,2024-12-08,2025-02-16
OPP-0122,Customer-064,Retail,Fukuoka,Kawasaki,Won,1940000,2025-04-17,2025-06-18
OPP-0123,Customer-042,IT,Fukuoka,Kawasaki,Lead,1200000,2025-04-30,2025-06-11
OPP-0124,Customer-060,Finance,Tokyo,Suzuki,Won,310000,2025-09-15,2025-12-03
OPP-0125,Customer-057,IT,Osaka,Takahashi,Negotiation,6670000,2025-06-15,2025-09-13
OPP-0126,Customer-063,IT,Tokyo,Kawasaki,Negotiation,3240000,2025-05-06,2025-08-13
OPP-0127,Customer-071,IT,Sapporo,Tanaka,Won,7560000,2025-02-02,2025-03-23
OPP-0128,Customer-020,Finance,Nagoya,Kawasaki,Lead,1460000,2025-07-31,2025-08-25
OPP-0129,Customer-032,Finance,Sapporo,Suzuki,Won,4550000,2025-06-27,2025-09-05
OPP-0130,Customer-018,IT,Nagoya,Tanaka,Proposal,6430000,2025-06-05,2025-09-18
OPP-0131,Customer-001,Retail,Nagoya,Kawasaki,Proposal,5490000,2025-01-22,2025-05-17
OPP-0132,Customer-020,Finance,Sapporo,Tanaka,Negotiation,7050000,2025-05-11,2025-09-08
OPP-0133,Customer-059,Retail,Osaka,Suzuki,Proposal,5950000,2025-08-09,2025-10-06
OPP-0134,Customer-041,Finance,Fukuoka,Tanaka,Negotiation,2690000,2025-07-15,2025-07-30
OPP-0135,Customer-005,Manufacturing,Sapporo,Kawasaki,Lost,6970000,2025-01-05,2025-03-19
OPP-0136,Customer-068,Finance,Tokyo,Suzuki,Proposal,1320000,2025-07-23,2025-08-14
OPP-0137,Customer-061,Retail,Nagoya,Kawasaki,Proposal,7000000,2025-03-02,2025-03-21
OPP-0138,Customer-043,Healthcare,Fukuoka,Takahashi,Won,6950000,2024-10-15,2025-02-11
OPP-0139,Customer-080,IT,Osaka,Takahashi,Negotiation,5290000,2025-09-21,2025-10-05
OPP-0140,Customer-013,IT,Fukuoka,Suzuki,Lost,7940000,2024-12-13,2025-02-16
OPP-0141,Customer-008,Retail,Nagoya,Takahashi,Won,590000,2024-12-04,2025-01-24
OPP-0142,Customer-073,Manufacturing,Osaka,Suzuki,Proposal,2800000,2025-07-29,2025-09-29
OPP-0143,Customer-031,Finance,Sapporo,Suzuki,Lead,4210000,2025-08-09,2025-11-14
OPP-0144,Customer-033,IT,Fukuoka,Takahashi,Proposal,6830000,2025-03-04,2025-05-11
OPP-0145,Customer-045,Healthcare,Nagoya,Tanaka,Won,1910000,2024-12-03,2025-02-07
OPP-0146,Customer-050,Finance,Tokyo,Suzuki,Won,4970000,2025-04-30,2025-06-04
OPP-0147,Customer-038,IT,Fukuoka,Takahashi,Proposal,3970000,2025-09-05,2025-10-22
OPP-0148,Customer-064,Retail,Osaka,Kawasaki,Lead,7320000,2024-10-31,2025-01-26
OPP-0149,Customer-080,Retail,Osaka,Sato,Won,2540000,2025-10-19,2025-11-22
OPP-0150,Customer-057,IT,Sapporo,Takahashi,Lost,6910000,2024-12-03,2025-01-21
OPP-0151,Customer-054,Manufacturing,Osaka,Suzuki,Won,1220000,2025-04-11,2025-06-01
OPP-0152,Customer-035,Manufacturing,Nagoya,Tanaka,Won,4040000,2025-07-17,2025-09-29
OPP-0153,Customer-015,Finance,Tokyo,Suzuki,Lost,3320000,2025-03-03,2025-06-23
OPP-0154,Customer-051,Healthcare,Nagoya,Sato,Won,2610000,2025-09-02,2025-12-13
OPP-0155,Customer-016,Finance,Nagoya,Takahashi,Won,440000,2025-02-27,2025-05-16
OPP-0156,Customer-030,Finance,Tokyo,Kawasaki,Negotiation,6830000,2025-06-17,2025-07-10
OPP-0157,Customer-029,IT,Fukuoka,Takahashi,Won,6040000,2025-03-21,2025-06-17
OPP-0158,Customer-005,Retail,Fukuoka,Sato,Negotiation,1490000,2025-02-26,2025-03-13
OPP-0159,Customer-059,Retail,Sapporo,Tanaka,Lead,5800000,2025-01-11,2025-03-11
OPP-0160,Customer-013,Finance,Sapporo,Tanaka,Negotiation,7740000,2025-01-17,2025-03-21
OPP-0161,Customer-048,Manufacturing,Fukuoka,Tanaka,Lost,3160000,2024-10-11,2025-01-17
OPP-0162,Customer-048,Healthcare,Nagoya,Sato,Lost,4010000,2024-11-15,2025-02-20
OPP-0163,Customer-059,IT,Osaka,Kawasaki,Proposal,2240000,2024-11-06,2025-03-04
OPP-0164,Customer-017,Healthcare,Osaka,Sato,Lost,810000,2025-05-10,2025-06-20
OPP-0165,Customer-028,Manufacturing,Nagoya,Suzuki,Won,5970000,2025-01-22,2025-04-17
OPP-0166,Customer-019,Manufacturing,Sapporo,Takahashi,Won,6400000,2024-11-18,2025-01-02
OPP-0167,Customer-004,Manufacturing,Tokyo,Takahashi,Won,1420000,2025-08-07,2025-12-05
OPP-0168,Customer-003,Manufacturing,Nagoya,Sato,Won,2730000,2025-09-08,2025-10-29
OPP-0169,Customer-009,Finance,Fukuoka,Takahashi,Lead,4610000,2025-09-03,2025-09-27
OPP-0170,Customer-029,Healthcare,Tokyo,Kawasaki,Negotiation,1410000,2025-06-07,2025-08-20
OPP-0171,Customer-062,Finance,Fukuoka,Sato,Proposal,6880000,2024-12-30,2025-01-16
OPP-0172,Customer-042,Healthcare,Osaka,Sato,Negotiation,4840000,2025-01-18,2025-02-07
OPP-0173,Customer-071,Retail,Fukuoka,Kawasaki,Lead,6690000,2025-08-29,2025-11-21
OPP-0174,Customer-056,IT,Tokyo,Kawasaki,Negotiation,4940000,2025-06-21,2025-09-16
OPP-0175,Customer-030,Finance,Nagoya,Tanaka,Won,2500000,2025-06-03,2025-08-09
OPP-0176,Customer-055,Retail,Nagoya,Takahashi,Proposal,7770000,2024-12-30,2025-02-18
OPP-0177,Customer-012,IT,Tokyo,Tanaka,Lost,7330000,2025-08-13,2025-08-31
OPP-0178,Customer-017,Healthcare,Tokyo,Kawasaki,Lead,7860000,2025-03-19,2025-07-10
OPP-0179,Customer-016,Finance,Nagoya,Tanaka,Lost,6050000,2025-03-15,2025-06-18
OPP-0180,Customer-077,Retail,Nagoya,Sato,Won,7680000,2024-12-12,2025-01-27
OPP-0181,Customer-062,Manufacturing,Tokyo,Takahashi,Negotiation,2470000,2024-12-17,2025-03-21
OPP-0182,Customer-036,Healthcare,Osaka,Tanaka,Won,4060000,2024-11-13,2025-02-28
OPP-0183,Customer-072,IT,Sapporo,Takahashi,Won,6660000,2025-08-07,2025-11-11
OPP-0184,Customer-040,Retail,Nagoya,Sato,Lead,3090000,2025-09-10,2025-12-26
OPP-0185,Customer-052,IT,Osaka,Sato,Lead,1760000,2025-07-15,2025-10-17
OPP-0186,Customer-054,Finance,Nagoya,Suzuki,Lead,5730000,2025-02-22,2025-04-21
OPP-0187,Customer-073,Healthcare,Tokyo,Sato,Proposal,7680000,2025-02-27,2025-06-16
OPP-0188,Customer-011,Retail,Fukuoka,Tanaka,Lead,6620000,2024-10-22,2025-01-26
OPP-0189,Customer-028,Healthcare,Tokyo,Takahashi,Negotiation,4820000,2025-06-18,2025-08-01
OPP-0190,Customer-076,Finance,Sapporo,Takahashi,Proposal,3200000,2025-09-09,2025-12-14
OPP-0191,Customer-001,Manufacturing,Nagoya,Suzuki,Lead,4340000,2025-10-17,2025-11-03
OPP-0192,Customer-016,IT,Fukuoka,Tanaka,Won,2910000,2025-04-08,2025-05-29
OPP-0193,Customer-030,Healthcare,Sapporo,Takahashi,Lead,4190000,2025-06-22,2025-09-30
OPP-0194,Customer-003,Finance,Tokyo,Takahashi,Lead,7890000,2024-11-18,2025-01-22
OPP-0195,Customer-054,Retail,Tokyo,Tanaka,Negotiation,6170000,2025-04-18,2025-07-27
OPP-0196,Customer-080,Finance,Nagoya,Sato,Lead,3620000,2024-12-07,2025-03-29
OPP-0197,Customer-076,Finance,Sapporo,Sato,Proposal,1380000,2025-03-01,2025-05-05
OPP-0198,Customer-043,Manufacturing,Tokyo,Kawasaki,Proposal,3470000,2025-05-16,2025-06-23
OPP-0199,Customer-045,Retail,Osaka,Suzuki,Negotiation,5730000,2025-08-16,2025-09-19
OPP-0200,Customer-078,Manufacturing,Tokyo,Suzuki,Lead,2920000,2025-03-11,2025-04-12
OPP-0201,Customer-073,Healthcare,Fukuoka,Kawasaki,Lost,6730000,2025-07-03,2025-09-10
OPP-0202,Customer-041,Manufacturing,Fukuoka,Sato,Negotiation,6690000,2025-02-15,2025-06-15
OPP-0203,Customer-036,Healthcare,Tokyo,Takahashi,Negotiation,6760000,2025-02-14,2025-06-05
OPP-0204,Customer-005,IT,Nagoya,Takahashi,Negotiation,3470000,2025-06-19,2025-08-25
OPP-0205,Customer-065,Finance,Fukuoka,Kawasaki,Lead,1220000,2025-08-17,2025-11-11
OPP-0206,Customer-074,Manufacturing,Nagoya,Kawasaki,Negotiation,7860000,2024-11-16,2025-01-22
OPP-0207,Customer-014,Retail,Tokyo,Kawasaki,Negotiation,1840000,2024-11-26,2025-02-01
OPP-0208,Customer-057,Finance,Sapporo,Kawasaki,Negotiation,700000,2025-01-27,2025-05-07
OPP-0209,Customer-050,Finance,Nagoya,Kawasaki,Negotiation,4020000,2025-05-25,2025-07-10
OPP-0210,Customer-009,Retail,Tokyo,Kawasaki,Lead,6760000,2025-10-07,2025-11-28
OPP-0211,Customer-078,Manufacturing,Nagoya,Sato,Won,3200000,2025-01-28,2025-05-10
OPP-0212,Customer-051,Manufacturing,Sapporo,Sato,Negotiation,1740000,2025-05-11,2025-06-29
OPP-0213,Customer-043,Manufacturing,Sapporo,Sato,Proposal,4150000,2025-08-07,2025-11-26
OPP-0214,Customer-003,Retail,Nagoya,Suzuki,Negotiation,4630000,2025-07-24,2025-09-18
OPP-0215,Customer-029,Manufacturing,Osaka,Sato,Lost,3790000,2025-08-03,2025-09-06
OPP-0216,Customer-070,Healthcare,Tokyo,Takahashi,Proposal,1330000,2025-06-01,2025-09-17
OPP-0217,Customer-049,Manufacturing,Osaka,Suzuki,Won,6620000,2024-12-13,2025-03-09
OPP-0218,Customer-057,IT,Fukuoka,Takahashi,Won,6690000,2024-12-14,2025-03-26
OPP-0219,Customer-037,Finance,Osaka,Kawasaki,Won,2730000,2025-05-20,2025-08-16
OPP-0220,Customer-074,Finance,Fukuoka,Takahashi,Proposal,5100000,2025-02-12,2025-04-10
OPP-0221,Customer-021,Manufacturing,Sapporo,Suzuki,Won,5440000,2025-07-27,2025-09-28
OPP-0222,Customer-048,Healthcare,Tokyo,Kawasaki,Won,830000,2025-09-15,2025-11-25
OPP-0223,Customer-021,Retail,Fukuoka,Kawasaki,Won,3210000,2024-10-28,2025-02-12
OPP-0224,Customer-058,Retail,Tokyo,Tanaka,Lead,4770000,2025-01-09,2025-02-16
OPP-0225,Customer-050,IT,Nagoya,Suzuki,Lead,5440000,2025-06-01,2025-07-11
OPP-0226,Customer-019,Manufacturing,Tokyo,Takahashi,Lead,1310000,2025-10-08,2025-11-29
OPP-0227,Customer-018,Finance,Fukuoka,Kawasaki,Lost,5130000,2025-08-29,2025-12-23
OPP-0228,Customer-028,Manufacturing,Sapporo,Kawasaki,Lead,1110000,2024-11-29,2025-01-10
OPP-0229,Customer-039,IT,Tokyo,Suzuki,Negotiation,1430000,2025-04-18,2025-05-28
OPP-0230,Customer-015,Finance,Sapporo,Kawasaki,Proposal,6670000,2025-08-05,2025-08-23
OPP-0231,Customer-019,Retail,Fukuoka,Sato,Lead,5570000,2025-09-12,2025-10-22
OPP-0232,Customer-024,IT,Sapporo,Takahashi,Negotiation,2760000,2025-08-18,2025-10-20
OPP-0233,Customer-065,Healthcare,Tokyo,Tanaka,Lead,5680000,2025-07-24,2025-10-06
OPP-0234,Customer-048,Retail,Tokyo,Takahashi,Won,740000,2025-09-24,2025-11-22
OPP-0235,Customer-014,Healthcare,Nagoya,Suzuki,Won,3830000,2025-01-21,2025-05-04
OPP-0236,Customer-023,Finance,Fukuoka,Suzuki,Lead,5890000,2025-03-01,2025-06-23
OPP-0237,Customer-038,Manufacturing,Tokyo,Suzuki,Won,940000,2025-08-09,2025-08-23
OPP-0238,Customer-051,Healthcare,Fukuoka,Takahashi,Won,3530000,2025-03-25,2025-06-08
OPP-0239,Customer-046,IT,Nagoya,Takahashi,Lead,6920000,2025-02-21,2025-04-08
OPP-0240,Customer-057,Finance,Nagoya,Suzuki,Lead,4060000,2025-06-12,2025-08-12
OPP-0241,Customer-067,Retail,Tokyo,Tanaka,Negotiation,5390000,2025-03-18,2025-07-08
OPP-0242,Customer-038,Retail,Tokyo,Sato,Lead,6460000,2025-01-14,2025-04-03
OPP-0243,Customer-078,Finance,Osaka,Tanaka,Proposal,3320000,2025-03-31,2025-06-06
OPP-0244,Customer-056,Retail,Tokyo,Sato,Proposal,730000,2025-04-03,2025-06-30
OPP-0245,Customer-021,IT,Osaka,Kawasaki,Won,4450000,2025-04-22,2025-07-06
OPP-0246,Customer-009,Manufacturing,Nagoya,Takahashi,Won,4780000,2024-12-23,2025-01-18
OPP-0247,Customer-020,Finance,Nagoya,Takahashi,Proposal,6100000,2024-10-22,2025-01-17
OPP-0248,Customer-068,Retail,Fukuoka,Takahashi,Proposal,1080000,2025-09-24,2025-10-21
OPP-0249,Customer-024,Finance,Sapporo,Tanaka,Negotiation,2850000,2025-02-15,2025-02-28
OPP-0250,Customer-034,Finance,Osaka,Kawasaki,Lost,1500000,2025-01-26,2025-05-15
OPP-0251,Customer-018,IT,Fukuoka,Suzuki,Proposal,5320000,2025-03-19,2025-04-13
OPP-0252,Customer-041,Retail,Tokyo,Kawasaki,Won,4850000,2024-10-24,2025-02-14
OPP-0253,Customer-023,Retail,Sapporo,Suzuki,Negotiation,3370000,2024-12-11,2025-03-22
OPP-0254,Customer-064,IT,Nagoya,Kawasaki,Lead,2350000,2025-02-01,2025-03-13
OPP-0255,Customer-079,IT,Tokyo,Takahashi,Negotiation,5080000,2025-09-14,2025-10-10
OPP-0256,Customer-053,Finance,Sapporo,Sato,Proposal,7640000,2025-06-18,2025-09-03
OPP-0257,Customer-058,Finance,Sapporo,Takahashi,Lead,3540000,2025-11-06,2025-11-25
OPP-0258,Customer-024,Manufacturing,Fukuoka,Kawasaki,Lead,5940000,2025-08-31,2025-11-24
OPP-0259,Customer-020,Retail,Osaka,Suzuki,Lost,860000,2024-12-19,2025-03-05
OPP-0260,Customer-067,Retail,Tokyo,Takahashi,Proposal,7560000,2025-03-03,2025-04-26
OPP-0261,Customer-039,Healthcare,Sapporo,Sato,Lead,5940000,2025-04-25,2025-05-21
OPP-0262,Customer-020,Manufacturing,Sapporo,Kawasaki,Negotiation,2020000,2025-08-08,2025-10-31
OPP-0263,Customer-004,IT,Tokyo,Kawasaki,Proposal,6070000,2024-09-29,2025-01-22
OPP-0264,Customer-080,IT,Fukuoka,Kawasaki,Proposal,2450000,2025-08-18,2025-10-20
OPP-0265,Customer-052,Retail,Fukuoka,Sato,Proposal,3390000,2025-07-26,2025-09-05
OPP-0266,Customer-062,Finance,Osaka,Takahashi,Won,1910000,2025-06-12,2025-08-14
OPP-0267,Customer-045,Finance,Osaka,Takahashi,Negotiation,3500000,2025-03-02,2025-06-13
OPP-0268,Customer-060,IT,Nagoya,Tanaka,Negotiation,1380000,2025-05-04,2025-06-13
OPP-0269,Customer-050,Healthcare,Fukuoka,Suzuki,Proposal,1290000,2024-12-10,2025-01-26
OPP-0270,Customer-041,Manufacturing,Osaka,Tanaka,Lost,1930000,2025-03-26,2025-06-17
OPP-0271,Customer-064,IT,Tokyo,Tanaka,Lost,5080000,2025-07-26,2025-09-13
OPP-0272,Customer-046,IT,Tokyo,Takahashi,Negotiation,2760000,2025-01-27,2025-04-21
OPP-0273,Customer-037,Healthcare,Tokyo,Sato,Negotiation,6990000,2025-10-02,2025-12-11
OPP-0274,Customer-052,Retail,Tokyo,Tanaka,Proposal,3000000,2025-03-22,2025-07-07
OPP-0275,Customer-071,Retail,Tokyo,Tanaka,Lead,6050000,2025-02-13,2025-04-10
OPP-0276,Customer-080,Healthcare,Tokyo,Suzuki,Negotiation,5930000,2025-01-29,2025-05-24
OPP-0277,Customer-044,Healthcare,Nagoya,Suzuki,Lost,4330000,2025-03-22,2025-07-11
OPP-0278,Customer-006,IT,Tokyo,Suzuki,Lead,5510000,2025-05-12,2025-07-25
OPP-0279,Customer-020,Healthcare,Sapporo,Suzuki,Won,5150000,2025-07-17,2025-09-23
OPP-0280,Customer-051,Healthcare,Nagoya,Kawasaki,Proposal,6570000,2025-05-14,2025-06-13
OPP-0281,Customer-073,Retail,Fukuoka,Sato,Proposal,5510000,2025-07-20,2025-09-30
OPP-0282,Customer-075,Retail,Tokyo,Kawasaki,Proposal,7190000,2024-12-25,2025-02-26
OPP-0283,Customer-030,IT,Sapporo,Tanaka,Negotiation,7010000,2025-08-02,2025-10-24
OPP-0284,Customer-049,Manufacturing,Osaka,Sato,Lead,6740000,2025-07-28,2025-11-14
OPP-0285,Customer-003,Finance,Nagoya,Tanaka,Negotiation,7470000,2025-01-23,2025-02-26
OPP-0286,Customer-065,Healthcare,Fukuoka,Sato,Lead,7370000,2025-02-12,2025-04-15
OPP-0287,Customer-042,Finance,Sapporo,Tanaka,Won,5610000,2025-01-26,2025-04-17
OPP-0288,Customer-044,Healthcare,Nagoya,Takahashi,Proposal,2070000,2025-06-07,2025-08-24
OPP-0289,Customer-072,Retail,Osaka,Takahashi,Negotiation,2260000,2025-03-23,2025-05-07
OPP-0290,Customer-063,Retail,Fukuoka,Takahashi,Won,7510000,2025-01-09,2025-04-17
OPP-0291,Customer-016,Healthcare,Sapporo,Tanaka,Negotiation,7680000,2025-04-05,2025-05-21
OPP-0292,Customer-019,Retail,Tokyo,Takahashi,Won,4340000,2025-03-10,2025-06-26
OPP-0293,Customer-033,Finance,Osaka,Suzuki,Lost,1100000,2025-04-22,2025-06-27
OPP-0294,Customer-035,Manufacturing,Tokyo,Kawasaki,Won,3070000,2025-07-08,2025-10-15
OPP-0295,Customer-068,Manufacturing,Osaka,Sato,Won,2750000,2025-04-19,2025-05-05
OPP-0296,Customer-018,IT,Sapporo,Suzuki,Lead,3680000,2025-08-08,2025-08-30
OPP-0297,Customer-026,Retail,Nagoya,Takahashi,Proposal,5170000,2025-06-01,2025-09-02
OPP-0298,Customer-030,Healthcare,Tokyo,Suzuki,Negotiation,1210000,2025-09-08,2025-11-30
OPP-0299,Customer-051,Finance,Osaka,Takahashi,Proposal,2100000,2024-09-24,2025-01-19
OPP-0300,Customer-078,IT,Nagoya,Takahashi,Won,390000,2025-03-12,2025-06-02
